fit_time,score_time,test_accuracy,test_precision,test_recall,test_f1,test_f2,test_roc_auc,model,training_time
0.005216455459594727,0.008802366256713868,0.7657154088050314,0.6199207425507101,0.7969951083158631,0.6955657739590471,0.7524766743209006,0.839851865653112,logistic_regression,0.07766032218933105
0.24016261100769043,0.01886916160583496,0.843364779874214,0.8066158193157003,0.6993011879804333,0.7484839572192514,0.7180557232682333,0.9032812680794968,random_forest,1.5611834526062012
0.2354743480682373,0.019459009170532227,0.8346698113207548,0.7324382037867966,0.8009783368273935,0.7642375376524353,0.7856161561848888,0.9089093849924359,xgboost,1.4606335163116455
0.3665774822235107,0.011568260192871094,0.8533726415094339,0.8105226641998149,0.7331236897274633,0.7695135227808496,0.7471790368089776,0.9177091485472756,lightgbm,1.9549689292907715
1.2548736095428468,0.008880996704101562,0.8847169811320754,0.8363847433389212,0.8159329140461216,0.825438792141075,0.8195729003388831,0.9369036946835945,catboost,7.4868433475494385
0.31525168418884275,0.008906126022338867,0.848372641509434,0.8179570703733517,0.7029350104821803,0.7554961418735366,0.7229386248362899,0.9000438066783557,gradient_boosting,1.9953911304473877
0.048127031326293944,0.01589627265930176,0.858435534591195,0.7518466180357924,0.8684136967155835,0.8044776296233582,0.8412316293273717,0.9397947937457125,svm,0.39553070068359375
0.1230093002319336,0.009245920181274413,0.808317610062893,0.7513634613365071,0.6327044025157232,0.6746747453339212,0.6472901643714306,0.8643067066361019,mlp,0.8746533393859863
